[
  {
    "id":"d338b6da0f1d080fafa8f16120171009",
    "persona": {
      "nombre": "Juan",
      "appellido": "Perez",
      "telefono": "444-1234",
      "direccion": "mi casa"
    },
    "mascota": {
      "raza": "chihuahua",
      "color": "negro",
      "caracteristicas": "es chiquito",
      "collar": true,
      "nombre": "Jasinto",
      "genero": "machito",
      "foto" : "link-foto-0",
      "edad": 4
    },
    "fecha": "07/07/2017",
    "busqueda": true
  },
  {
    "id":"d338b6da1f1d080fafa8f1612t471309",
    "persona": {
      "nombre": "Maria",
      "appellido": "Gonzalez",
      "telefono": "444-1235",
      "direccion": "al lado de la casa de Juan"
    },
    "mascota": {
      "raza": "chihuahua",
      "color": "negro",
      "caracteristicas": "se parece al de Juan",
      "collar": true,
      "nombre": "Jasinto",
      "genero": "machito",
      "foto" : "link-foto-1",
      "edad": 0
    },
    "fecha": "08/07/2017",
    "busqueda": false
  }
]